"id","nome","descricao","categoria","quantidade","valor"
"d21452f5-e1d9-4541-914d-f014287d3139","camisa","azul M","ROUPAS","1","20.0"
"20b90873-cffd-4b2a-8de7-d1a9762ffd58","notbook","intel","ELETRONICOS","2","3000.0"
"6df961dc-5dab-4231-ba54-f3ff944a3074","camisa","g","ROUPAS","1","2.0"
"a7763c0a-2a86-4b8a-8a8e-83ca946db450","livro azul","100 paginas","LIVROS","1","20.0"
"5feae6c8-d17d-4e3f-8f14-95b2cd4cd33c","Pizza","Calabresa , Familia","ALIMENTOS","1","50.0"
"25489a82-10cc-420a-ad47-7346e93871d4","azul","preto","BELEZA","1","3.0"
"cf0cc227-053f-4f35-8e01-e1ad6badea6a","Livro","Livro do Harry Potter","LIVROS","2","250.0"
"a9bd71eb-0aaf-4e2c-9b91-3d5b8de52c10","Sabao Omo","","OUTROS","2","2.0"
"183552e6-555e-4aa6-8b12-d3c45af73ff5","l�pis","l�pis de escrever","OUTROS","2","1.5"
